{ 
    "DataDefinition": 
    {
        "JobNumber": 1,
        "Fiducial": 2,
        "LineNumber": 3, 
        "FlightNumber": 4,
        "DateTime": 5,
        "Date": 6, 
        "Time": 7,
        "AngleX": 8,
        "AngleY": 9,
        "TxHeight": 10,
        "Longitude": 11,
        "Latitude": 12,
        "Easting": 13,
        "Northing": 14,
        "DEM": 15,
        "TxElevation": 16,
        "GroundSpeed": 17,
        "HM_Current": 18,   
        "HM_Z": [19, 45],
        "HM_X": [46, 72],
        "PLNI": 73,
        "LM_Current": 74,
        "LM_Z": [75, 94],
        "LM_X": [95, 114]
    },
    
    "FlightPlanInfo":
    {
        "CoordinateSystem": "WGS84",        
        "XComponent": "Longitude",          
        "YComponent": "Latitude",
        "TxHeight": "TxHeight",
        "TxElevation": "TxElevation",
        "DigitalElevationModel": "DEM",
        "Fiducial": "Fiducial"
    },
    
    
    "EMInfo": 
    [{
        "Name": "High Moment",
        "Components":
        [{
            "Name": "HM_Z",
            "Descriptor":
            {
                "AdditiveError": [3.00E-13, 3.00E-13, 3.00E-13, 3.00E-13, 3.00E-13, 3.00E-13, 3.00E-13, 2.29E-13, 1.74E-13, 1.32E-13, 1.00E-13, 8.35E-14, 7.06E-14, 5.96E-14, 5.03E-14, 4.24E-14, 3.58E-14, 3.02E-14, 2.54E-14, 2.15E-14, 1.81E-14, 1.63E-14, 1.48E-14, 1.33E-14, 1.20E-14, 1.08E-14, 9.79E-15],
                "MultiplicativeError": [0.03, 0.03, 0.03, 0.03, 0.03, 0.03, 0.03, 0.03, 0.03, 0.03, 0.03, 0.03, 0.03, 0.03, 0.03, 0.03, 0.03, 0.03, 0.03, 0.03, 0.03, 0.03, 0.03, 0.03, 0.03, 0.03, 0.03],
                "Time": [0.00008350, 0.00008950, 0.00009750, 0.00010750, 0.00012050, 0.00013650, 0.00015650, 0.00018150, 0.00021250, 0.00025250, 0.00030350, 0.00036650, 0.00044750, 0.00054850, 0.00067550, 0.00083650, 0.00103850, 0.00129350, 0.00161550, 0.00202150, 0.00253250, 0.00317750, 0.00399050, 0.00501550, 0.00630750, 0.00793550, 0.00998950],
                "RemoveChannels": [1, 2, 3]
            }
        },
        {
            "Name": "HM_X",
            "Descriptor":
            {
                "AdditiveError": [1.40E-12, 1.40E-12, 1.40E-12, 1.40E-12, 1.40E-12, 1.40E-12, 1.40E-12, 1.40E-12, 1.11E-12, 8.89E-13, 7.08E-13, 5.64E-13, 4.47E-13, 3.55E-13, 2.76E-13, 2.14E-13, 1.67E-13, 1.29E-13, 1.00E-13, 7.79E-14, 6.05E-14, 4.69E-14, 4.43E-14, 4.19E-14, 3.96E-14, 3.75E-14, 3.54E-14],
                "MultiplicativeError": [0.03, 0.03, 0.03, 0.03, 0.03, 0.03, 0.03, 0.03, 0.03, 0.03, 0.03, 0.03, 0.03, 0.03, 0.03, 0.03, 0.03, 0.03, 0.03, 0.03, 0.03, 0.03, 0.03, 0.03, 0.03, 0.03, 0.03],
                "Time": [0.00008350, 0.00008950, 0.00009750, 0.00010750, 0.00012050, 0.00013650, 0.00015650, 0.00018150, 0.00021250, 0.00025250, 0.00030350, 0.00036650, 0.00044750, 0.00054850, 0.00067550, 0.00083650, 0.00103850, 0.00129350, 0.00161550, 0.00202150, 0.00253250, 0.00317750, 0.00399050, 0.00501550, 0.00630750, 0.00793550, 0.00998950],
                "RemoveChannels": [1, 2, 3]
            }
        }]
    },
    {                
        "Name": "Low Moment",
        "Components":
        [{
            "Name": "LM_Z",
            "Descriptor":
            {
                "AdditiveError": [4.41E-11, 4.41E-11, 4.41E-11, 4.14E-11, 3.89E-11, 3.64E-11, 3.40E-11, 3.18E-11, 2.97E-11, 2.65E-11, 1.95E-11, 1.43E-11, 1.04E-11, 7.63E-12, 5.57E-12, 4.05E-12, 2.94E-12, 2.13E-12, 1.84E-12, 1.63E-12],
                "MultiplicativeError": [0.03, 0.03, 0.03, 0.03, 0.03, 0.03, 0.03, 0.03, 0.03, 0.03, 0.03, 0.03, 0.03, 0.03, 0.03, 0.03, 0.03, 0.03, 0.03, 0.03],
                "Time": [0.00001150, 0.00001450, 0.00001850, 0.00002350, 0.00002950, 0.00003750, 0.00004750, 0.00006050, 0.00007650, 0.00009650, 0.00012150, 0.00015250, 0.00019250, 0.00024350, 0.00030650, 0.00038750, 0.00048850, 0.00061550, 0.00077650, 0.00097850],
                "RemoveChannels": [1, 2, 3]
            }
        },
        {
            "Name": "LM_X",
            "Descriptor":
            {
                "AdditiveError": [4.45E-11, 4.45E-11, 4.45E-11, 4.45E-11, 4.45E-11, 4.45E-11, 4.45E-11, 4.45E-11, 4.09E-11, 3.74E-11, 3.42E-11, 2.86E-11, 2.05E-11, 1.47E-11, 1.05E-11, 7.52E-12, 5.35E-12, 3.80E-12, 3.10E-12, 2.63E-12],
                "MultiplicativeError": [0.03, 0.03, 0.03, 0.03, 0.03, 0.03, 0.03, 0.03, 0.03, 0.03, 0.03, 0.03, 0.03, 0.03, 0.03, 0.03, 0.03, 0.03, 0.03, 0.03],
                "Time": [0.00001150, 0.00001450, 0.00001850, 0.00002350, 0.00002950, 0.00003750, 0.00004750, 0.00006050, 0.00007650, 0.00009650, 0.00012150, 0.00015250, 0.00019250, 0.00024350, 0.00030650, 0.00038750, 0.00048850, 0.00061550, 0.00077650, 0.00097850],
                "RemoveChannels": [1, 2, 3]
            }
        }]
    }],

    "ExportForInversion":
    [
        "Easting", 
        "Northing", 
        "DEM",
        "TxElevation",
        "TxHeight",
        "AngleX",
        "AngleY"
    ]
}